{
  "project_info": {
    "project_number": "599981594243",
    "project_id": "flash-chat-92d41",
    "storage_bucket": "flash-chat-92d41.appspot.com"
  },
  "client": [
    {
      "client_info": {
        "mobilesdk_app_id": "1:599981594243:android:be299e409641653e06adb6",
        "android_client_info": {
          "package_name": "co.chris.flash_chat"
        }
      },
      "oauth_client": [
        {
          "client_id": "599981594243-qtqgmbbah2c37lddqv5tbqckrvil889a.apps.googleusercontent.com",
          "client_type": 3
        }
      ],
      "api_key": [
        {
          "current_key": "AIzaSyDB9pghDjvnoZu8SBGqbeIYvfGtO7AxfTY"
        }
      ],
      "services": {
        "appinvite_service": {
          "other_platform_oauth_client": [
            {
              "client_id": "599981594243-qtqgmbbah2c37lddqv5tbqckrvil889a.apps.googleusercontent.com",
              "client_type": 3
            }
          ]
        }
      }
    }
  ],
  "configuration_version": "1"
}